"","year","minwage","new pay gap","new disp inc gap ft","new disp inc gap","new abs poverty rate","relative poverty line","new relative poverty rate","new in-work poverty rate","new social tax","social tax change","new income tax","income tax change","total tax change","new subsistence benefits","subsistence benefit change","new all benefits","total benefits change","other benefits change"
"1",2020,585,21.8112625545738,10.5904672065526,15.1540834094839,0.45,598.196666666667,17.08,6.96,363089841.5329,0.00491597623722839,157698702.389,0.0060095348555933,0.0052471115173347,3179612.6925,-0.0107645391208422,269953358.1491,-0.000127003593107133,-2.03693204525734e-07
"2",2020,586,21.8097802431588,10.5894324426043,15.1539233009878,0.45,598.196666666667,17.08,6.96,363107496.2636,0.00977857402511972,157708320.5633,0.0121089840976367,0.0104842344068743,3179270.5074,-0.021525229130603,269953015.964,-0.000253760551345295,-2.03693204525734e-07
"3",2020,587,21.8076158987229,10.5884265982758,15.1537891434049,0.45,598.196666666667,17.08,6.96,363125357.7761,0.0146981252007521,157717929.5546,0.0182026098599692,0.0157593015197222,3178927.7928,-0.032302570319402,269952673.2494,-0.000380713654294595,-2.03693204525734e-07
"4",2020,588,21.8089033759146,10.5873084757106,15.1535844573346,0.45,598.196666666667,17.08,6.96,363143643.8325,0.0197346074281199,157727814.7396,0.0244713862696102,0.0211689288829291,3178588.1946,-0.0429819101213695,269952333.6512,-0.000506512337096865,-2.03693204525734e-07
"5",2020,589,21.7818071099628,10.5861867525736,15.1533802185855,0.45,598.196666666667,17.08,6.96,363161857.0895,0.0247510387010124,157737666.902,0.0307192211089955,0.0265582356085474,3178245.48,-0.0537592513101544,269951990.9366,-0.000633465440046166,-2.0369319031488e-07
"6",2020,590,21.7800531424305,10.5850704035066,15.153197154646,0.45,598.196666666667,17.05,6.94,363180862.4993,0.0299856506144778,157747873.1683,0.0371916140294815,0.0321676540971509,3177903.2949,-0.0645199413199151,269951648.7515,-0.000760222398284327,-2.03693204525734e-07
"7",2020,591,21.7843693625799,10.5839780586953,15.15304660146,0.45,598.196666666667,17.05,6.94,363200571.8699,0.035414152669162,157758552.8291,0.0439642142070085,0.038003156106754,3177563.6967,-0.0751992811218969,269951309.1533,-0.000886021081086596,-2.03693204525734e-07
"8",2020,592,21.7554020535549,10.5828672974675,15.152894093753,0.45,598.196666666667,17.05,6.94,363220155.6995,0.040808077283998,157769321.9724,0.0507935604934886,0.0438317339256287,3177220.9821,-0.0859766223106817,269950966.4387,-0.0010129741840359,-2.03693204525734e-07
"9",2020,593,21.7525768358013,10.5818461627053,15.1528130756911,0.45,598.196666666667,17.05,6.94,363240287.998,0.0463530652996269,157780320.9786,0.0577686763457024,0.0498097721443287,3176878.797,-0.0967373123204567,269950623.7241,-0.00113992728701362,-4.02176013380995e-07
"10",2020,594,21.7420318772257,10.5808303218428,15.1527391836568,0.45,598.432,17.08,6.95,363260270.0128,0.0518566610561919,157791290.5226,0.0647251084864848,0.055753294371172,3176536.0824,-0.107514653509241,269950281.539,-0.00126668424525178,-2.03693204525734e-07
"11",2020,595,21.7272630821685,10.5798053825944,15.1526649309823,0.45,598.48,17.08,6.95,363280402.0583,0.0574015793886815,157802463.452,0.0718105192551235,0.0617646818857907,3176196.4842,-0.118193993311237,269949941.9408,-0.00139248292802563,-2.03693204525734e-07
"12",2020,596,21.5507024411014,10.5788531117371,15.1526573002253,0.45,598.592307692308,17.04,6.91,363301327.0143,0.0631648870531336,157813787.8959,0.0789920142673566,0.0679574241107161,3175853.7696,-0.128971334500022,269949599.2262,-0.00151943603100335,-2.03693204525734e-07
"13",2020,597,21.5672279249503,10.5778202292245,15.1525998379648,0.45,598.806923076923,17.02,6.9,363322153.3558,0.0689010335754432,157825214.5209,0.0862383083166378,0.0741508512176665,3175511.5845,-0.139732024509783,269949257.0411,-0.00164619298921309,-2.03693204525734e-07
"14",2020,598,21.5653958938479,10.5767552752133,15.1525225128603,0.45,599.026153846154,17.02,6.9,363343445.3772,0.074765441133863,157836848.9279,0.0936163691360861,0.0804736009153402,3175168.8699,-0.150509365698568,269948914.3265,-0.0017731460921766,-2.03693204525734e-07
"15",2020,599,21.565377385018,10.5756931587563,15.1524500532568,0.45,599.13,17.01,6.89,363364465.1983,0.0805548772526663,157848354.7737,0.100912901747634,0.0867193937496324,3174829.2717,-0.16118870550055,269948574.7283,-0.00189894477497887,-2.03693204525734e-07
"16",2020,600,21.5553219928586,10.5746095880559,15.1523650349201,0.45,599.13,17.01,6.89,363385552.709,0.0863629569466724,157860053.8821,0.108331993525027,0.0930152963444897,3174486.5571,-0.171966046689349,269948232.0137,-0.00202589787794238,-2.03693204525734e-07
"17",2020,601,21.5579871816562,10.5734988413838,15.152264686846,0.45,599.13,17.01,6.89,363407122.5911,0.09230389497435,157871750.1387,0.115749276808558,0.0994032794519484,3174144.372,-0.182726736699109,269947889.8286,-0.00215265483616633,-2.03693204525734e-07
"18",2020,602,21.5340597049312,10.5723371759164,15.1521374854169,0.45,599.13,17.01,6.89,363428665.054,0.0982372810011896,157883734.7741,0.123349438026921,0.105841373741015,3173804.7738,-0.193406076501077,269947550.2304,-0.00227845351895439,-2.0369319031488e-07
"19",2020,603,21.5314477360501,10.5710311202574,15.151928436658,0.45,599.13,17.01,6.89,363450805.4169,0.104335345111551,157895927.5351,0.131081583912405,0.112434246375798,3173462.0592,-0.204183417689862,269947207.5158,-0.0024054066219179,-2.03693204525734e-07
"20",2020,604,21.5326302523856,10.5696707904505,15.1516891739276,0.45,599.13,17.01,6.89,363474059.9625,0.110740285742722,157908243.6197,0.138891936535984,0.119264753122877,3173119.8741,-0.214944107699623,269946864.8012,-0.00253235972490984,-4.02176013380995e-07
"21",2020,605,21.5415234912076,10.5682501073733,15.1514196084264,0.45,599.13,17.01,6.89,363496823.1816,0.117009901559655,157920914.9753,0.14692758736733,0.12606913359653,3172777.1595,-0.225721448888436,269946522.6161,-0.00265911668311958,-2.03693204525734e-07
"22",2020,606,21.527454660992,10.5668884638912,15.1511971743208,0.45,599.13,17.01,6.89,363520036.4786,0.123403481193307,157933577.8882,0.1549578841867,0.132958319770722,3172437.5613,-0.236400788690403,269946183.0179,-0.00278491536590764,-2.03693204525734e-07
"23",2020,607,21.525139908767,10.5654132821032,15.1508904357672,0.45,599.252,17.01,6.89,363543124.2808,0.129762496111894,157946426.6414,0.163106033255573,0.139859093885391,3171507.6312,-0.265644287419164,269945253.0878,-0.00312939299170978,-2.0369319031488e-07
"24",2020,608,21.5050835601379,10.5640854405518,15.1507011719366,0.45,599.252,17.01,6.89,363566345.7977,0.136158339731779,157959221.9513,0.171220290788909,0.146775282243112,3171214.6896,-0.274856417779489,269944960.1462,-0.00323790848861449,-2.03693204525734e-07
"25",2020,609,21.5026763395196,10.5627164421771,15.1504842735629,0.45,599.252,17.01,6.89,363590006.9905,0.142675282171922,157972178.7852,0.179436980177712,0.153806916966289,3170921.748,-0.284068548139828,269944667.2046,-0.003346423985505,-2.03693204525734e-07
"26",2020,610,21.4993570782148,10.5613149044687,15.1502498996334,0.45,599.252,17.01,6.89,363613466.1972,0.149136592091793,157985094.5492,0.187627624730681,0.160791878475095,3170631.9228,-0.293182677113364,269944377.3794,-0.00345378506219163,-2.03693204525734e-07
"27",2020,611,21.4971463103075,10.5599265494671,15.1500323205244,0.45,599.252,17.01,6.89,363637123.9871,0.155652597279769,157998107.9674,0.195880197547552,0.167833725441056,3170338.9812,-0.302394807473689,269944084.4378,-0.00356230055909634,-2.03693204525734e-07
"28",2020,612,21.521318942622,10.5584946719955,15.149788629185,0.45,599.252,17.01,6.89,363661298.5631,0.162310939555169,158011313.5077,0.204254606272215,0.175011701629785,3170046.0396,-0.311606937834028,269943791.4962,-0.00367081605595843,-2.03693204525734e-07
"29",2020,613,21.5245430652703,10.5569891596595,15.1494962974849,0.45,599.252,17.01,6.89,363685281.8044,0.168916582998449,158024562.7117,0.212656704713609,0.182161321060264,3169753.098,-0.320819068194382,269943498.5546,-0.00377933155286314,-2.03693204525734e-07
"30",2020,614,21.5222281520769,10.5554742244041,15.1492046161248,0.45,599.252,17.01,6.89,363709825.2224,0.175676514492253,158038068.7911,0.22122170293359,0.189467836217659,3169463.2728,-0.32993319716789,269943208.7294,-0.00388669262956398,-2.03693204525734e-07
"31",2020,615,21.5196668933478,10.5539345513881,15.1489002237539,0.45,599.481,17.02,6.89,363734137.0346,0.182372655386828,158051527.502,0.229756662005556,0.196720780892093,3169170.3312,-0.339145327528215,269942915.7878,-0.00399520812644028,-2.03693204525734e-07
"32",2020,616,21.5115443996425,10.5523613965274,15.1485753489364,0.45,599.769,17.02,6.89,363759112.171,0.189251493986731,158065169.5624,0.238407893764418,0.204136309428208,3168877.3896,-0.348357457888568,269942622.8462,-0.00410372362333078,-2.03693204525734e-07
"33",2020,617,21.5113067639233,10.5507186817925,15.148206164121,0.45,599.784,17.02,6.89,363784170.0408,0.196153119637614,158078791.9842,0.247046671533539,0.211563953843495,3168450.9892,-0.361766465248721,269942196.4458,-0.00426167678286049,-2.03693204525734e-07
"34",2020,618,21.5075415313247,10.5490179775385,15.1478022880495,0.45,599.784,17.02,6.89,363808994.7311,0.202990521249049,158092652.9753,0.255836740108037,0.218992633243701,3167992.0828,-0.37619768833207,269941737.5394,-0.00443167126647381,-2.03693204525734e-07
"35",2020,619,21.4953803484983,10.5473177635084,15.1474027433795,0.45,599.784,17.02,6.89,363834006.5752,0.209879470157858,158106523.1021,0.2646326021665,0.226459005446785,3167533.1764,-0.390628911415419,269941278.633,-0.00460166575007293,-2.03693204525734e-07
"36",2020,620,21.4699573475731,10.5448591609745,15.1464156794597,0.45,599.784,17,6.85,363859443.5609,0.216885514741421,158120426.8402,0.273449779124419,0.23401347040398,3163489.0224,-0.517805365170261,269937234.479,-0.00609975745433644,-2.03693204525734e-07
"37",2020,621,21.4694292347494,10.5432111374526,15.1460630399311,0.45,599.9952,17.01,6.85,363884622.1527,0.223820390547189,158134535.5606,0.282396947398311,0.241557678913878,3163323.0576,-0.523024457893271,269937068.5142,-0.00616123644105926,-2.03693204525734e-07
"38",2020,622,21.4895145340842,10.5415452790457,15.1457008683295,0.45,600.2184,17.01,6.85,363910268.9106,0.230884212156781,158148556.9835,0.291288755200057,0.24917502432146,3163157.0928,-0.528243550616295,269936902.5494,-0.00622271542778208,-2.03693204525734e-07
"39",2020,623,21.4736077581462,10.5398327139879,15.1453148486992,0.45,600.444,17.01,6.85,363935822.0248,0.237922241719133,158162892.7088,0.300379880614031,0.256834742066289,3162992.8568,-0.533408277790087,269936738.3134,-0.00628355400840519,-2.03693204525734e-07
"40",2020,624,21.4730775587521,10.5380274846867,15.1448698043995,0.45,600.642857142857,17.01,6.85,363961514.1773,0.244998566248512,158177218.2383,0.309464540272401,0.264519200996801,3162826.892,-0.538627370513112,269936572.3486,-0.00634503299512801,-2.03693204525734e-07
"41",2020,625,21.4696998278561,10.5361972689911,15.1444093527085,0.45,600.642857142857,17.01,6.85,363987756.1591,0.25222632887025,158191777.0075,0.318697110923736,0.272354029995455,3162660.9272,-0.543846463236122,269936406.3838,-0.0064065119818224,-2.0369319031488e-07
"42",2020,626,21.4649227934294,10.5342955432963,15.1439020682936,0.45,600.642857142857,17.01,6.85,364013739.4876,0.259382851268271,158206274.1434,0.327890596279559,0.280127355451171,3162496.6912,-0.549011190409928,269936242.1478,-0.00646735056244552,-2.0369319031488e-07
"43",2020,627,21.4617108401969,10.5323114744102,15.1433430870649,0.45,600.642857142857,17.01,6.85,364039896.1151,0.266587104971208,158220859.417,0.337139974927638,0.28795088370434,3162330.7264,-0.554230283132938,269936076.183,-0.00652882954916834,-2.0369319031488e-07
"44",2020,628,21.4593461618884,10.530313957441,15.1427760217195,0.45,600.642857142857,17.01,6.85,364067170.6878,0.274099271490755,158235663.5733,0.346528159951774,0.296031118457762,3162164.7616,-0.559449375855962,269935910.2182,-0.00659030853589115,-2.0369319031488e-07
"45",2020,629,21.4453146709862,10.528274619655,15.1421861468304,0.45,600.642857142857,17.01,6.85,364093606.8179,0.28138050788732,158250410.1413,0.355879824852451,0.30393929145481,3162000.5256,-0.564614103029754,269935745.9822,-0.00665114711651427,-2.0369319031488e-07
"46",2020,630,21.4430423563563,10.5262456129025,15.1416112034899,0.45,600.88,17.03,6.86,364120700.201,0.288842769813968,158265459.8593,0.36542373497349,0.312031887362949,3161834.5608,-0.569833195752778,269935580.0174,-0.00671262610323708,-2.0369319031488e-07
"47",2020,631,21.4616145843591,10.5241705823705,15.1410078275103,0.45,601.022857142857,17.04,6.86,364147511.8375,0.29622743098777,158280429.6243,0.374916942201239,0.320055027331065,3161668.596,-0.575052288475788,269935414.0526,-0.0067741050899599,-2.0369319031488e-07
"48",2020,632,21.4760808509014,10.5220034934065,15.1403450815461,0.45,601.022857142857,17.04,6.86,364174560.2777,0.303677314405235,158295658.5017,0.384574467820656,0.328173396375746,3161502.6312,-0.580271381198784,269935248.0878,-0.00683558407668272,-2.0369319031488e-07
"49",2020,633,21.4772473904528,10.5198068669792,15.1396709621338,0.45,601.022857142857,17.03,6.86,364202265.3436,0.311308050577182,158310904.4675,0.394242830198181,0.336421136440265,3161338.3952,-0.585436108372591,269935083.8518,-0.00689642265729162,-2.03693204525734e-07
"50",2020,634,21.4732937689907,10.517578015984,15.1389785311261,0.45,601.022857142857,17.02,6.85,364229680.0922,0.318858825390038,158326222.9752,0.403957195655209,0.344627057837798,3161172.4304,-0.590655201095601,269934917.887,-0.00695790164402865,-2.03693204525734e-07
"51",2020,635,21.4705250828873,10.5152892408859,15.1382454237429,0.45,601.022857142857,17.02,6.85,364257236.9298,0.326448735416491,158341775.0384,0.41381967237254,0.352905112966951,3161006.4656,-0.595874293818625,269934751.9222,-0.00701938063075147,-2.03693204525734e-07
"52",2020,636,21.4772589141602,10.5129194746154,15.1374633255595,0.45,601.022857142857,17.02,6.85,364285374.9461,0.334198718021199,158357203.2366,0.42360359901825,0.361270984485515,3160842.2296,-0.601039020992417,269934587.6862,-0.00708021921136037,-2.03693204525734e-07
"53",2020,637,21.4750685865864,10.5105652306555,15.1366957373717,0.45,601.022857142857,17.02,6.85,364313205.7027,0.341864072864453,158372917.0208,0.433568632520277,0.369632694077396,3160676.2648,-0.606258113715441,269934421.7214,-0.00714169819808319,-2.03693204525734e-07
"54",2020,638,21.4850281341844,10.5082492226428,15.1359579117636,0.45,601.022857142857,17.02,6.85,364341601.842,0.349685149633657,158388555.3441,0.443485811833455,0.378088481680876,3160510.3,-0.611477206438451,269934255.7566,-0.00720317718480601,-2.03693204525734e-07
"55",2020,639,21.3445417228166,10.5059518541091,15.1352371971763,0.45,601.022857142857,17.02,6.85,364369719.3834,0.357429492888485,158404413.8683,0.453542633470718,0.386533055507741,3160346.064,-0.616641933612271,269934091.5206,-0.00726401576542912,-2.03693204525734e-07
"56",2020,640,21.341512808674,10.5037181751123,15.1345723827055,0.45,601.248571428571,17.05,6.86,364398128.5125,0.365254147405409,158420277.321,0.463602580559311,0.395034568328725,3160180.0992,-0.621861026335267,269933925.5558,-0.00732549475215194,-2.03693204525734e-07
"57",2020,641,21.3390610701887,10.5014353930073,15.1338793438435,0.45,601.514285714286,17.05,6.86,364427837.0703,0.373436700279981,158436268.9781,0.473743829587946,0.403810224662678,3160014.1344,-0.627080119058292,269933759.591,-0.00738697373887476,-2.03693204525734e-07
"58",2020,642,21.3396542598028,10.4990753387689,15.1331391043886,0.45,601.782857142857,17.12,6.87,364456564.9859,0.381349157355672,158452619.9106,0.4841129162496,0.412466562050199,3159849.8984,-0.632244846232112,269933595.355,-0.00744781231949787,-2.03693204525734e-07
"59",2020,643,21.3357803362987,10.4967081926404,15.1323950307807,0.45,602.051428571429,17.12,6.87,364485520.7548,0.389324371489053,158468876.7038,0.494422303651859,0.421148576080896,3159683.9336,-0.637463938955108,269933429.3902,-0.00750929130622069,-2.03693204525734e-07
"60",2020,644,21.3176668223942,10.4942936111875,15.1316237374425,0.45,602.32,17.13,6.88,364515084.6182,0.397467071551262,158485352.4252,0.504870526284392,0.42998940045878,3159517.9688,-0.642683031678118,269933263.4254,-0.00757077029294351,-2.03693204525734e-07
"61",2020,645,21.3044751946846,10.4925245715257,15.1313124576342,0.45,602.54,17.13,6.88,364544384.4585,0.40553705239941,158501770.4515,0.515282161065329,0.43876844638848,3159353.7328,-0.647847758851938,269933099.1894,-0.0076316088735382,-2.03693204525734e-07
"62",2020,646,21.3012814936965,10.4900796520464,15.1305289528504,0.45,602.54,17.13,6.88,364574242.7606,0.413760848967485,158518402.0281,0.525829220634265,0.447695739167543,3159187.768,-0.653066851574934,269932933.2246,-0.00769308786026102,-2.03693204525734e-07
"63",2020,647,21.2852306012634,10.4867693667746,15.1291366760794,0.45,602.562,17.13,6.88,364603747.0089,0.421887129393639,158534936.2424,0.536314537050231,0.456536348053206,3159021.8032,-0.658285944297958,269932767.2598,-0.00775456684698383,-2.03693204525734e-07
"64",2020,648,21.2715102536307,10.484246510996,15.1283066571931,0.45,602.562,17.13,6.88,364633404.243,0.430055546311436,158551549.7,0.546850106297043,0.465421551100548,3158857.5672,-0.663450671471779,269932603.0238,-0.00781540542760695,-2.03693204525734e-07
"65",2020,649,21.2624491485935,10.4816939482659,15.1274604903966,0.45,602.643333333333,17.13,6.88,364663692.1318,0.438397662856914,158568367.115,0.557515016910543,0.474467021861699,3158691.6024,-0.668669764194775,269932437.059,-0.00787688441432977,-2.03693204525734e-07
"66",2020,650,21.241077421195,10.4791447477043,15.1266177870412,0.44,602.953333333333,17.13,6.88,364693627.6988,0.446642740300817,158585145.4598,0.568155150815443,0.483437334952555,3158525.6376,-0.673888856917785,269932271.0942,-0.00793836340105258,-2.03693204525734e-07
"67",2020,651,21.2374138825539,10.4766478650764,15.1258202054552,0.44,602.97,17.13,6.88,364723743.5038,0.454937460240828,158602209.2549,0.578976305521351,0.492497072578672,3158361.4016,-0.679053584091591,269932106.8582,-0.0079992019816757,-2.03693204525734e-07
"68",2020,652,21.2304116186375,10.4737134078198,15.124716730889,0.44,602.97,17.11,6.86,364754420.2512,0.463386679126188,158619151.194,0.589720184180507,0.501641126467973,3158195.4368,-0.684272676814601,269931940.8934,-0.00806068096839851,-2.03693204525734e-07
"69",2020,653,21.2335075251224,10.4711510528022,15.1238779937208,0.44,602.992,17.11,6.86,364785413.7799,0.471923148283153,158636317.6509,0.600606442763564,0.510889124176501,3158029.472,-0.689491769537625,269931774.9286,-0.00812215995512133,-2.03693204525734e-07
"70",2020,654,21.22842257893,10.4685059436614,15.1229924974693,0.44,603.312,17.1,6.83,364816609.0665,0.480515187107798,158653544.3654,0.611530914229988,0.520187435827452,3157865.236,-0.694656496711417,269931610.6926,-0.00818299853573023,-2.03693204525734e-07
"71",2020,655,21.229798988347,10.4658152657769,15.1220821221905,0.44,603.628,17.12,6.83,364847493.6338,0.489021645302174,158671045.5043,0.622629414326639,0.529478777892635,3157699.2712,-0.699875589434441,269931444.7278,-0.00824447752245305,-2.03693204525734e-07
"72",2020,656,21.2258597618787,10.4631115507452,15.1211672408851,0.44,603.628,17.12,6.83,364878543.1218,0.497573527187484,158688478.8226,0.633684905397402,0.538788765758696,3157533.3064,-0.705094682157451,269931278.763,-0.00830595650917587,-2.03693204525734e-07
"73",2020,657,21.2255725825441,10.4603966087162,15.1202442871695,0.44,603.628,17.12,6.83,364910067.4615,0.506256196274549,158705907.3024,0.644737328091139,0.548189008655811,3157369.0704,-0.710259409331258,269931114.527,-0.00836679508979898,-2.03693204525734e-07
"74",2020,658,21.220963109907,10.4576652662538,15.1193107277133,0.44,603.7176,17.12,6.83,364941194.173,0.514829347632983,158723564.744,0.6559349489102,0.557556863119629,3157203.1056,-0.715478502054268,269930948.5622,-0.0084282740765218,-2.03693204525734e-07
"75",2020,659,21.219846471715,10.4548734247654,15.1183443247711,0.44,603.948,17.12,6.83,364972594.9955,0.523477996690303,158741220.7205,0.66713164062331,0.566977072845347,3157037.1408,-0.720697594777278,269930782.5974,-0.00848975306324462,-2.03693204525734e-07
"76",2020,660,21.2135804432764,10.4520339969586,15.1173489526908,0.44,604.176,17.12,6.83,365004468.6849,0.532256886280948,158759158.248,0.678506880362264,0.57654215086626,3156872.9048,-0.725862321951084,269930618.3614,-0.00855059164386773,-2.03693204525734e-07
"77",2020,661,21.2093851452467,10.4491376219186,15.1163179599455,0.44,604.405714285714,17.11,6.83,365036217.5315,0.541001390735204,158776998.9308,0.689820705188822,0.586064658992967,3156706.94,-0.731081414674108,269930452.3966,-0.00861207063059055,-2.03693204525734e-07
"78",2020,662,21.2054195642233,10.4489108625053,15.1171702994254,0.44,604.62,17.11,6.83,365068514.9254,0.549896980183746,158795113.4509,0.701308186330991,0.595745086828359,3156540.9752,-0.736300507397118,269930286.4318,-0.00867354961731337,-2.03693204525734e-07
"79",2020,663,21.20072450597,10.4464400882228,15.1167856932571,0.44,604.74,17.11,6.83,365100361.3999,0.558668374043378,158813081.769,0.712702952197887,0.605310851478734,3156376.7392,-0.741465234570924,269930122.1958,-0.00873438819792227,-2.03693204525734e-07
"80",2020,664,21.2005720724973,10.4435207587328,15.1157449244451,0.44,604.74,17.11,6.83,365132257.3799,0.56745340307755,158831075.9683,0.724114130853792,0.614891092379906,3156210.7744,-0.746684327293934,269929956.231,-0.00879586718464509,-2.03693204525734e-07
"81",2020,665,21.1796242616542,10.4405685634135,15.1146853978816,0.44,604.74,17.11,6.83,365164841.2511,0.576427896243686,158849408.4813,0.735739854097574,0.624668391906482,3156044.8096,-0.751903420016959,269929790.2662,-0.00885734617138212,-2.03693204525734e-07
"82",2020,666,21.158808521941,10.4376038310417,15.1136217392078,0.44,604.74,17.11,6.83,365197815.7382,0.585509975758441,158867655.0217,0.747311057066128,0.634504191046531,3155878.8448,-0.757122512739954,269929624.3014,-0.00891882515810494,-2.03693204525734e-07
"83",2020,667,21.1235606577202,10.434679040717,15.1125985557959,0.44,604.74,17.11,6.83,365230397.3016,0.594483833293069,158886215.6655,0.759081451449319,0.644324854593293,3155714.6088,-0.762287239913775,269929460.0654,-0.00897966373869963,-2.03693204525734e-07
"84",2020,668,21.1131287835558,10.4317911669553,15.111609007113,0.44,604.74,17.11,6.83,365263762.5518,0.603673539699315,158904778.0237,0.770852933034234,0.654296336052624,3155548.644,-0.767506332636785,269929294.1006,-0.00904114272542245,-2.03693204525734e-07
"85",2020,669,21.0986877576053,10.4289156528753,15.1106288456148,0.42,604.914,17.09,6.81,365296719.9527,0.612750913205261,158923558.5063,0.782762740112645,0.664231385286783,3155382.6792,-0.772725425359781,269929128.1358,-0.00910262171214526,-2.03693204525734e-07
"86",2020,670,21.0934281039603,10.4260562207242,15.1096660562802,0.42,604.978,17.09,6.81,365330297.7546,0.621999162188203,158942233.7213,0.794605790823027,0.674265353830037,3155218.4432,-0.777890152533601,269928963.8998,-0.00916346029276838,-2.03693204525734e-07
"87",2020,671,21.0940245298144,10.4231375633609,15.108664293072,0.42,604.978,17.09,6.81,365363462.5279,0.631133651749337,158960964.605,0.806484144325736,0.684230699771064,3155052.4784,-0.783109245256625,269928797.935,-0.0092249392794912,-2.03693204525734e-07
"88",2020,672,21.0900113238687,10.420205742308,15.1076557138941,0.42,604.978,17.09,6.81,365396719.2662,0.640293470997619,158979943.3448,0.818519677939193,0.694261300398395,3154886.5136,-0.788328337979621,269928631.9702,-0.00928641826621401,-2.03693204525734e-07
"89",2020,673,21.0869830543512,10.4172442539872,15.1066286836486,0.42,604.978,17.09,6.81,365430656.7766,0.649640793582236,158998729.5065,0.83043308646846,0.704385647253815,3154722.2776,-0.793493065153442,269928467.7342,-0.00934725684683713,-2.03693204525734e-07
"90",2020,674,21.0822791343367,10.4142998693126,15.1056188042913,0.42,604.978,17.09,6.81,365464158.3401,0.658868044415655,159017840.0293,0.842552191422385,0.714488566668791,3154556.3128,-0.798712157876452,269928301.7694,-0.00940873583355994,-2.03693204525734e-07
"91",2020,675,21.0298147250947,10.411298082349,15.1045718203233,0.42,604.978,17.09,6.81,365497819.1071,0.66813914426605,159036868.0368,0.854618968578109,0.724606212257129,3154390.348,-0.803931250599476,269928135.8046,-0.00947021482028276,-2.03693204525734e-07
"92",2020,676,21.035715330951,10.408324316325,15.1035513108374,0.42,604.978,17.09,6.81,365532243.663,0.677620612559878,159056227.3056,0.866895817980605,0.73493413659898,3154226.112,-0.809095977773254,269927971.5686,-0.00953105340089166,-2.03693204525734e-07
"93",2020,677,21.0294651423135,10.4052628774756,15.1024816741951,0.42,604.978,17.08,6.8,365566522.1837,0.687061858748208,159075622.2534,0.879195293532604,0.745240869616282,3154060.1472,-0.814315070496278,269927805.6038,-0.00959253238761448,-2.03693204525734e-07
"94",2020,678,21.0133438919489,10.4021584833346,15.1013871143212,0.42,604.978,17.08,6.8,365602124.9027,0.696867825522403,159095109.9838,0.891553607980796,0.755819700640942,3153894.1824,-0.819534163219288,269927639.639,-0.0096540113743373,-2.03693204525734e-07
"95",2020,679,21.0086618841704,10.3990350182729,15.100283084758,0.42,605.049,17.08,6.8,365636723.7875,0.706397308783878,159114892.2272,0.904098690420355,0.766262323135848,3153729.9464,-0.824698890393108,269927475.403,-0.00971484995496041,-2.03693204525734e-07
"96",2020,680,21.0591264884459,10.3958171486753,15.0991184485995,0.42,605.295,17.1,6.8,365671549.3795,0.715989233435579,159134568.3376,0.916576467690945,0.776728099082973,3153563.9816,-0.829917983116104,269927309.4382,-0.00977632894168323,-2.03693204525734e-07
"97",2020,681,21.054838676877,10.3925238697356,15.0979106581136,0.42,605.365714285714,17.1,6.8,365707193.853,0.725806700546016,159154582.3447,0.929268525105201,0.787416007200804,3153398.0168,-0.835137075839128,269927143.4734,-0.00983780792840605,-2.03693204525734e-07
"98",2020,682,21.054939546105,10.3892393030029,15.0967135129904,0.42,605.365714285714,17.1,6.8,365742430.5652,0.735511858993746,159174454.3899,0.9418705561406,0.797998353848229,3153233.7808,-0.840301803012935,269926979.2374,-0.00989864650902916,-2.03693204525734e-07
"99",2020,683,21.0581599872595,10.3859527750432,15.0955220375511,0.42,605.365714285714,17.1,6.8,365777875.3109,0.74527431558181,159194651.5266,0.954678746790222,0.808683074670355,3153067.816,-0.845520895735945,269926813.2726,-0.00996012549575198,-2.03693204525734e-07
"100",2020,684,21.0434805119811,10.3826517455495,15.0943234220826,0.42,605.365714285714,17.1,6.8,365814108.9159,0.755254045690037,159214795.9318,0.96745349729855,0.819509151602162,3152901.8512,-0.850739988458955,269926647.3078,-0.0100216044824748,-2.03693204525734e-07
"101",2020,685,21.0154558882762,10.3794013263603,15.0931710794984,0.42,605.365714285714,17.1,6.8,365850011.374,0.765142568845832,159235274.1804,0.980439957514918,0.83033574633366,3152737.6152,-0.855904715632775,269926483.0718,-0.0100824430630837,-2.03693204525734e-07
"102",2020,686,21.0194870385777,10.3760540583396,15.0919598612671,0.42,605.436,17.1,6.8,365886801.6686,0.775275626561466,159255664.7835,0.993370836571913,0.841315999012579,3152571.6504,-0.861123808355771,269926317.107,-0.0101439220498065,-2.03693204525734e-07
"103",2020,687,21.0148969598248,10.3726579817644,15.0907150579359,0.42,605.816,17.13,6.83,365923136.2561,0.785283170024087,159276197.236,1.00639167066494,0.85223598266829,3152405.6856,-0.866342901078795,269926151.1422,-0.0102054010365293,-2.03693204525734e-07
"104",2020,688,21.0029246907841,10.3692589584087,15.0894751831475,0.42,605.847,17.14,6.83,365959601.3117,0.795326647985206,159297014.9174,1.01959338515618,0.863235791200495,3152241.4496,-0.871507628252601,269925986.9062,-0.0102662396171382,-2.03693204525734e-07
"105",2020,689,21.0070988642604,10.3657540026464,15.0881673050146,0.42,605.847,17.14,6.83,365996865.3722,0.805590193843443,159317728.9912,1.03272939598297,0.874369134503453,3152075.4848,-0.876726720975611,269925820.9414,-0.0103277186038611,-2.03693204525734e-07
"106",2020,690,20.9639992397227,10.3622144167283,15.0868409806682,0.42,605.847,17.13,6.8,366033782.402,0.815758157914416,159338804.3714,1.0460945324191,0.88550521912039,3151909.52,-0.881945813698621,269925654.9766,-0.0103891975905839,-2.03693204525734e-07
"107",2020,691,20.9508658377675,10.3587070083868,15.0855453971004,0.42,605.8815,17.14,6.81,366071873.2456,0.826249422549097,159359885.4137,1.05946325952542,0.896867794469927,3151745.284,-0.887110540872442,269925490.7406,-0.010450036171207,-2.03693204525734e-07
"108",2020,692,20.9443345226373,10.3552286086504,15.084278618481,0.42,606.021,17.14,6.8,366109890.5235,0.836720425169233,159381269.7072,1.07302429602895,0.908274475542299,3151579.3192,-0.892329633595452,269925324.7758,-0.0105115151579298,-2.03693204525734e-07
"109",2020,693,20.9412604337385,10.3517410593753,15.0830083231809,0.42,606.466153846154,17.16,6.8,366147456.2794,0.847067066227837,159402536.3268,1.08651070860097,0.919571855868156,3151413.3544,-0.897548726318462,269925158.811,-0.0105729941446526,-2.03693204525734e-07
"110",2020,694,20.9251792723744,10.3482253275287,15.0817208906309,0.42,606.466153846154,17.16,6.8,366185705.8181,0.857602039852182,159423860.2352,1.1000334513659,0.931011541644764,3151249.1184,-0.902713453492254,269924994.575,-0.0106338327252615,-2.03693204525734e-07
"111",2020,695,20.9063853910326,10.3447391381218,15.0804555222398,0.42,606.466153846154,17.16,6.8,366223472.9708,0.868004151121625,159445503.536,1.11375873961106,0.942419928316511,3151083.1536,-0.907932546215278,269924828.6102,-0.0106953117119843,-2.03693204525734e-07
"112",2020,696,20.9000355619341,10.3412006469267,15.0791586055214,0.42,606.5835,17.16,6.8,366261194.7913,0.878393776657944,159466965.1091,1.12736878364792,0.953784713450389,3150917.1888,-0.913151638938288,269924662.6454,-0.0107567906987214,-2.03693204525734e-07
"113",2020,697,20.8823742038214,10.3376006493519,15.0778219043363,0.42,606.7245,17.18,6.8,366299787.5678,0.889023287400718,159488691.173,1.14114655683579,0.965367534559036,3150752.9528,-0.918316366112094,269924498.4094,-0.0108176292793303,-2.03693204525734e-07
"114",2020,698,20.8850620959036,10.3339811327931,15.076476326073,0.42,606.8655,17.2,6.81,366337965.2285,0.89953846384951,159510255.7303,1.1548219092026,0.976839628835734,3150586.988,-0.923535458835104,269924332.4446,-0.0108791082660531,-2.03693204525734e-07
"115",2020,699,20.8847619510443,10.3303680628804,15.0751361057215,0.42,607.388,17.2,6.81,366376234.3567,0.910078832960266,159532138.5259,1.168699075167,0.988390397519197,3150421.0232,-0.928754551558129,269924166.4798,-0.0109405872527759,-2.03693204525734e-07
"116",2020,700,20.8850270318517,10.3267818058608,15.0738195088773,0.42,607.938,17.22,6.82,366415205.3449,0.920812513594228,159553946.4631,1.18252876902319,1.00006156718055,3150256.7872,-0.933919278731921,269924002.2438,-0.011001425833399,-2.03693204525734e-07
"117",2020,701,20.8793014125821,10.3232013545876,15.072507455789,0.42,607.938,17.22,6.82,366453579.2658,0.931381745493084,159575717.0267,1.19633476208449,1.01161090732064,3150090.8224,-0.939138371454945,269923836.279,-0.0110629048201218,-2.03693204525734e-07
"118",2020,702,20.8851247895573,10.3195398650093,15.0711408881423,0.42,607.938,17.22,6.82,366492703.7479,0.942157702563421,159597862.101,1.21037825437737,1.02337629117885,3149924.8576,-0.944357464177955,269923670.3142,-0.0111243838068447,-2.03693204525734e-07
"119",2020,703,20.8814194322782,10.315832380679,15.0697456084,0.42,608.263333333333,17.28,6.81,366532231.4753,0.953044724465983,159619854.0799,1.22432465988513,1.03518971046881,3149758.8928,-0.949576556900951,269923504.3494,-0.0111858627935675,-2.03693204525734e-07
"120",2020,704,20.8768978734333,10.3120702043749,15.0683155054521,0.42,608.263333333333,17.28,6.81,366570975.1886,0.963715807349516,159642135.6486,1.23845471129398,1.04690818714747,3149594.6568,-0.954741284074771,269923340.1134,-0.0112467013741906,-2.03693204525734e-07
"121",2020,705,20.8697290474691,10.3082896079092,15.0668744834041,0.42,608.4768,17.28,6.81,366610433.2919,0.974583652862464,159664270.7967,1.25249190880041,1.05873572905205,3149428.692,-0.959960376797795,269923174.1486,-0.0113081803609134,-2.03693204525734e-07
"122",2020,706,20.8642850387038,10.3045334844806,15.0654494746243,0.42,608.4768,17.28,6.81,366649353.8805,0.985303452062197,159686656.8288,1.26668820658679,1.07050823024133,3149262.7272,-0.965179469520791,269923008.1838,-0.0113696593476362,-2.03693204525734e-07
"123",2020,707,20.864288418941,10.3007433968843,15.0640070696339,0.42,608.4768,17.28,6.81,366688400.3745,0.996057929067518,159708931.2287,1.2808137118385,1.08228347226446,3149098.4912,-0.970344196694612,269922843.9478,-0.0114304979282451,-2.03693204525734e-07
"124",2020,708,20.8582913734302,10.2969101837583,15.0625375853399,0.42,608.4768,17.28,6.81,366728146.8911,1.00700521152564,159731222.4051,1.2949498560542,1.09419635877302,3148932.5264,-0.975563289417622,269922677.983,-0.0114919769149679,-2.03693204525734e-07
"125",2020,709,20.8735774233005,10.2930587067064,15.0610585780178,0.42,608.4768,17.28,6.81,366767428.0148,1.01782431199534,159753855.8522,1.30930305422388,1.1060856025456,3148766.5616,-0.980782382140617,269922512.0182,-0.0115534559016908,-2.03693204525734e-07
"126",2020,710,20.8198120236841,10.2892105987727,15.0595857082056,0.42,608.4768,17.28,6.81,366807543.2757,1.0288731567626,159776378.9588,1.3235862790017,1.11811383452883,3148602.3256,-0.985947109314438,269922347.7822,-0.0116142944823139,-2.03693204525734e-07
"127",2020,711,20.8194612820408,10.2853318801436,15.0580981792753,0.42,608.5845,17.3,6.83,366847176.6814,1.03978928537182,159799179.5698,1.33804548561865,1.13010282572519,3148436.3608,-0.991166202037462,269922181.8174,-0.0116757734690225,-2.03693204525734e-07
"128",2020,712,20.8216718216516,10.2814739413315,15.0566297891901,0.42,608.706,17.31,6.83,366887036.7004,1.05076782950869,159821966.8156,1.35249621657729,1.1421327662266,3148270.396,-0.996385294760458,269922015.8526,-0.0117372524557453,-2.03693204525734e-07
"129",2020,713,20.8184808433389,10.2776385580049,15.0551861369167,0.42,608.826,17.31,6.83,366927750.3816,1.06198149566443,159845105.2724,1.3671696710592,1.15439407441744,3148106.16,-1.00155002193428,269921851.6166,-0.0117980910363684,-2.03693204525734e-07
"130",2020,714,20.8116572837782,10.2737827024765,15.0537279850912,0.42,608.9475,17.31,6.84,366967776.4964,1.07300578714701,159868088.2667,1.38174453763887,1.16649349864511,3147940.1952,-1.00676911465729,269921685.6518,-0.0118595700230912,-2.03693204525734e-07
"131",2020,715,20.8108634002051,10.2698651237954,15.0522312553302,0.42,609.069,17.31,6.84,367008990.4621,1.08435724539623,159891116.6352,1.39634817866376,1.17882973488085,3147774.2304,-1.0119882073803,269921519.687,-0.0119210490098141,-2.03693204525734e-07
"132",2020,716,20.8019849647786,10.2658588373555,15.0506803115994,0.42,609.189,17.27,6.82,367050160.141,1.09569650584423,159914529.5447,1.4111956797226,1.19123130896963,3147608.677,-1.01719436281331,269921354.1336,-0.0119823756000272,-2.03693204525734e-07
"133",2020,717,20.7774284883828,10.2617445494723,15.0490658544814,0.42,609.3105,17.28,6.82,367091257.5833,1.10701587034833,159938079.8631,1.42613031983555,1.20364539787283,3147380.7944,-1.02436058371896,269921126.251,-0.0120667910383645,-2.03693204525734e-07
"134",2020,718,20.7736404268572,10.2575843378038,15.0474383079451,0.42,609.544,17.28,6.82,367133533.0343,1.11865969080681,159962259.2002,1.44146385765124,1.2164064840819,3147152.9118,-1.03152680462459,269920898.3684,-0.012151206476716,-2.03693204525734e-07
"135",2020,719,20.7637900919419,10.2533518863074,15.0457683064706,0.42,609.856,17.32,6.83,367175435.8687,1.13020088241836,159986340.0778,1.45673495651505,1.22907711115484,3146927.4167,-1.03861794585143,269920672.8733,-0.0122347375041159,-2.03693204525734e-07
"136",2020,720,20.7581745626885,10.2490658040447,15.0440638679797,0.42,609.856,17.32,6.83,367217442.1175,1.14177055719635,160010712.1203,1.47219070014333,1.24182350794443,3146699.5341,-1.04578416675709,269920444.9907,-0.0123191529424531,-2.03693204525734e-07
"137",2020,721,20.7624211695235,10.244811107389,15.0423810080451,0.42,609.856,17.32,6.83,367260209.9744,1.15354999976546,160034923.7677,1.48754472781799,1.25468535361502,3146471.6515,-1.0529503876627,269920217.1081,-0.0124035683807762,-2.03693204525734e-07
"138",2020,722,20.7525873945091,10.2404918940937,15.0406609240379,0.42,609.9165,17.3,6.8,367302481.2652,1.16519267439061,160059440.4678,1.50309220732683,1.26751042362083,3146245.4977,-1.06006224301915,269919990.9543,-0.0124873434130137,-2.03693204525734e-07
"139",2020,723,20.7468512081334,10.2361395805583,15.0389222829604,0.42,610.038,17.3,6.8,367344910.8114,1.17687893689997,160083764.7207,1.51851764476287,1.280328927892,3146018.2738,-1.0672077497952,269919763.7304,-0.0125715148465417,-2.0369319031488e-07
"140",2020,724,20.7402105166323,10.2317916737864,15.0371882690033,0.42,610.088,17.3,6.8,367388127.8282,1.1887820904434,160108230.2058,1.53403264583213,1.29332576779301,3145790.3912,-1.07437397070085,269919535.8478,-0.0126559302848648,-2.03693204525734e-07
"141",2020,725,20.7252608301714,10.2274286145999,15.0354449865377,0.42,610.2795,17.33,6.82,367430784.5693,1.20053092866901,160133080.813,1.54979187544492,1.30628897354586,3145564.2374,-1.08148582605729,269919309.694,-0.0127397053170881,-2.03693204525734e-07
"142",2020,726,20.7280735437122,10.2230560379471,15.0337033851432,0.42,610.401,17.33,6.82,367474309.1463,1.21251879273981,160157785.5213,1.56545858199596,1.31939081039749,3145336.3548,-1.08865204696293,269919081.8114,-0.0128241207554396,-2.03693204525734e-07
"143",2020,727,20.7210357926676,10.2186684688228,15.0319520077201,0.42,610.521,17.34,6.82,367517212.632,1.224335591206,160182769.5118,1.58130239779348,1.33242701081394,3145109.1309,-1.09579755373898,269918854.5875,-0.0129082921889818,-2.03693204525734e-07
"144",2020,728,20.7101955010985,10.2141893744477,15.0301377525123,0.42,610.633043478261,17.34,6.82,367561276.145,1.23647189305511,160207637.0153,1.59707234234253,1.34566359871356,3144882.9771,-1.10290940909542,269918628.4337,-0.0129920672211767,-2.03693204525734e-07
"145",2020,729,20.7102549476952,10.2097968906177,15.0283903238891,0.42,610.633043478261,17.34,6.82,367605087.3793,1.24853871042045,160232745.846,1.6129953266433,1.35889808363399,3144655.0945,-1.11007563000106,269918400.5511,-0.013076482659514,-2.03693204525734e-07
"146",2020,730,20.7042963089186,10.205276634162,15.0265527252182,0.42,610.633043478261,17.33,6.81,367648260.3268,1.26042972606812,160257705.7277,1.62882385363474,1.37198139834986,3144427.8706,-1.11722113677709,269918173.3272,-0.013160654093042,-2.03693204525734e-07
"147",2020,731,20.6965600531334,10.201327742849,15.0251198499982,0.42,610.633043478261,17.3,6.78,367691568.1444,1.27235788864606,160282679.066,1.64466091424663,1.38509319573583,3144201.7168,-1.12433299213353,269917947.1734,-0.0132444291252796,-2.03693204525734e-07
"148",2020,732,20.6467496582248,10.1967315071591,15.023257435743,0.42,610.633043478261,17.3,6.78,367736251.3193,1.28466486240373,160308460.6669,1.66101054164601,1.39862430620049,3143973.8342,-1.13149921303918,269917719.2908,-0.0133288445636168,-2.03693204525734e-07
"149",2020,733,20.6460691140434,10.192111890291,15.0213979644077,0.42,610.633043478261,17.3,6.78,367781027.9707,1.2969975821572,160334286.7016,1.67738834712777,1.4121818991095,3143745.9516,-1.13866543394484,269917491.4082,-0.0134132600019257,-2.0369319031488e-07
"150",2020,734,20.6386489445929,10.1874464505297,15.0195082605379,0.42,610.72,17.35,6.83,367826573.5971,1.30954209874844,160360420.3482,1.69396122738277,1.42594622532751,3143520.4565,-1.14575657517167,269917265.9131,-0.013496791029354,-2.03693204525734e-07
